{"count":1,"self":759.96815359999994,"total":20671.318155,"children":{"AgentResetIfDone":{"count":984667,"self":8.8862544,"total":8.886254,"children":null},"AgentSendState":{"count":984667,"self":60.1314304,"total":281.747688,"children":{"CollectObservations":{"count":7877352,"self":221.616256,"total":221.61625999999998,"children":null}}},"BrainDecideAction":{"count":984667,"self":18803.8381568,"total":18803.838336999997,"children":null},"AcademyStep":{"count":984667,"self":6.016636,"total":6.016636,"children":null},"AgentAct":{"count":984667,"self":810.8591104,"total":810.859118,"children":null}}}